{
  "project_info": {
    "project_number": "724148829352",
    "firebase_url": "https://signupf-f27f1.firebaseio.com",
    "project_id": "signupf-f27f1",
    "storage_bucket": "signupf-f27f1.appspot.com"
  },
  "client": [
    {
      "client_info": {
        "mobilesdk_app_id": "1:724148829352:android:f58f235042d1559531569d",
        "android_client_info": {
          "package_name": "com.example.signupf"
        }
      },
      "oauth_client": [
        {
          "client_id": "724148829352-0gcd9bh3io2smsuidjcq0f49ndqj9s5j.apps.googleusercontent.com",
          "client_type": 1,
          "android_info": {
            "package_name": "com.example.signupf",
            "certificate_hash": "dbb31b1e5cc1ed0f7c8c6c123c0dbd81a35a7583"
          }
        },
        {
          "client_id": "724148829352-1d611hoa791ojon3qmchf6ora7e5hfe5.apps.googleusercontent.com",
          "client_type": 3
        }
      ],
      "api_key": [
        {
          "current_key": "AIzaSyA0oqVGcyDPWlnFBKUaEF6MgdNmRXvgapQ"
        }
      ],
      "services": {
        "appinvite_service": {
          "other_platform_oauth_client": [
            {
              "client_id": "724148829352-1d611hoa791ojon3qmchf6ora7e5hfe5.apps.googleusercontent.com",
              "client_type": 3
            }
          ]
        }
      }
    }
  ],
  "configuration_version": "1"
}